ticker_observado,emissor_id,setor,subsetor,segmento,fonte,data_fonte,evidencia,estabilidade_documentada,validade_inicio,validade_fim,confianca,status_revisao
ABCB4,ABCB,Financeiro,Intermediários Financeiros,Bancos,B3 classificação setorial atual + CVM/FCA,2026-08-07,B3 código=ABCB; snapshot sha256=AA2595618AD4; atividade histórica FCA revisada,sim,2015-01-02,2026-07-27,alta,confirmado
ABEV3,ABEV,Consumo não Cíclico,Bebidas,Cervejas e Refrigerantes,B3 classificação setorial atual + CVM/FCA,2026-08-07,B3 código=ABEV; snapshot sha256=AA2595618AD4; atividade histórica FCA revisada,sim,2015-01-02,2026-07-27,alta,confirmado
ALOS3,ALOS,Financeiro,Exploração de Imóveis,Exploração de Imóveis,B3 classificação setorial atual + CVM/FCA,2026-08-07,B3 código=ALOS; snapshot sha256=AA2595618AD4; atividade histórica FCA revisada,sim,2023-10-25,2026-07-27,alta,confirmado
ALPA4,ALPA,Consumo Cíclico,"Tecidos, Vestuário e Calçados",Calçados,B3 classificação setorial atual + CVM/FCA,2026-08-07,B3 código=ALPA; snapshot sha256=AA2595618AD4; atividade histórica FCA revisada,sim,2015-01-02,2026-07-27,alta,confirmado
ALSC3,ALSC,Financeiro,Exploração de Imóveis,Exploração de Imóveis,https://www.fundamentus.com.br/detalhes.php?papel=ALSC3,2026-08-07,documento indicado registra ALSC3 em Financeiro / Exploração de Imóveis / Exploração de Imóveis; identidade e atividade reconciliadas com FCA/CVM,sim,2015-01-02,2019-08-05,alta,confirmado
ALSO3,ALSO,Financeiro,Exploração de Imóveis,Exploração de Imóveis,B3 classificação setorial 15/09/2022 + CVM/FCA,2022-09-15,B3 código=ALSO; snapshot sha256=6127B9F03E2D; atividade histórica FCA revisada,sim,2019-08-06,2023-10-24,alta,confirmado
ALUP11,ALUP,Utilidade Pública,Energia Elétrica,Energia Elétrica,B3 classificação setorial atual + CVM/FCA,2026-08-07,B3 código=ALUP; snapshot sha256=AA2595618AD4; atividade histórica FCA revisada,sim,2015-01-02,2026-07-27,alta,confirmado
AMAR3,AMAR,Consumo Cíclico,Comércio Varejista,"Tecidos, Vestuário e Calçados",B3 classificação setorial atual + CVM/FCA,2026-08-07,B3 código=AMAR; snapshot sha256=AA2595618AD4; atividade histórica FCA revisada,sim,2015-01-02,2026-07-27,alta,confirmado
AMBP3,AMBP,Utilidade Pública,Água e Saneamento,Água e Saneamento,B3 classificação setorial 15/09/2022 + CVM/FCA,2022-09-15,B3 código=AMBP; snapshot sha256=6127B9F03E2D; atividade histórica FCA revisada,sim,2020-07-13,2025-10-21,alta,confirmado
ANIM3,ANIM,Consumo Cíclico,Diversos,Serviços Educacionais,B3 classificação setorial atual + CVM/FCA,2026-08-07,B3 código=ANIM; snapshot sha256=AA2595618AD4; atividade histórica FCA revisada,sim,2015-01-02,2026-07-27,alta,confirmado
ARZZ3,ARZZ,Consumo Cíclico,Comércio Varejista,"Tecidos, Vestuário e Calçados",B3 classificação setorial 15/09/2022 + CVM/FCA,2022-09-15,B3 código=ARZZ; snapshot sha256=6127B9F03E2D; atividade histórica FCA revisada,sim,2015-01-02,2024-07-31,alta,confirmado
ASAI3,ASAI,Consumo não Cíclico,Comércio e Distribuição,Alimentos,B3 classificação setorial atual + CVM/FCA,2026-08-07,B3 código=ASAI; snapshot sha256=AA2595618AD4; atividade histórica FCA revisada,sim,2021-03-01,2026-07-27,alta,confirmado
AURE3,AURE,Utilidade Pública,Energia Elétrica,Energia Elétrica,B3 classificação setorial atual + CVM/FCA,2026-08-07,B3 código=AURE; snapshot sha256=AA2595618AD4; atividade histórica FCA revisada,sim,2022-03-28,2026-07-27,alta,confirmado
AZUL4,AZUL,Bens Industriais,Transporte,Linhas Aéreas de Passageiros,B3 classificação setorial 15/09/2022 + CVM/FCA,2022-09-15,B3 código=AZUL; snapshot sha256=6127B9F03E2D; atividade histórica FCA revisada,sim,2017-04-11,2025-05-28,alta,confirmado
B3SA3,B3SA,Financeiro,Serviços Financeiros Diversos,Serviços Financeiros Diversos,B3 classificação setorial atual + CVM/FCA,2026-08-07,B3 código=B3SA; snapshot sha256=AA2595618AD4; atividade histórica FCA revisada,sim,2018-03-26,2026-07-27,alta,confirmado
BBAS3,BBAS,Financeiro,Intermediários Financeiros,Bancos,B3 classificação setorial atual + CVM/FCA,2026-08-07,B3 código=BBAS; snapshot sha256=AA2595618AD4; atividade histórica FCA revisada,sim,2015-01-02,2026-07-27,alta,confirmado
BBDC3,BBDC,Financeiro,Intermediários Financeiros,Bancos,B3 classificação setorial atual + CVM/FCA,2026-08-07,B3 código=BBDC; snapshot sha256=AA2595618AD4; atividade histórica FCA revisada,sim,2015-01-02,2026-07-27,alta,confirmado
BBDC4,BBDC,Financeiro,Intermediários Financeiros,Bancos,B3 classificação setorial atual + CVM/FCA,2026-08-07,B3 código=BBDC; snapshot sha256=AA2595618AD4; atividade histórica FCA revisada,sim,2015-01-02,2026-07-27,alta,confirmado
BBSE3,BBSE,Financeiro,Previdência e Seguros,Seguradoras,B3 classificação setorial atual + CVM/FCA,2026-08-07,B3 código=BBSE; snapshot sha256=AA2595618AD4; atividade histórica FCA revisada,sim,2015-01-02,2026-07-27,alta,confirmado
BBTG11,BBTG,Financeiro,Intermediários Financeiros,Bancos,https://www.b3.com.br/lumis/portal/file/fileDownload.jsp?fileId=8AA8D0975DCEB7B1015DE33442493AA9 | https://ri.pplaparticipations.com/ppla-news/fato-relevante-migracao-automatica-de-units/,2026-08-07,circular B3 e fato relevante documentam BBTG11 e a migração automática posterior; classificação histórica bancária revisada,sim,2015-01-02,2017-08-18,media,confirmado
BEEF3,BEEF,Consumo não Cíclico,Alimentos Processados,Carnes e Derivados,B3 classificação setorial atual + CVM/FCA,2026-08-07,B3 código=BEEF; snapshot sha256=AA2595618AD4; atividade histórica FCA revisada,sim,2015-01-02,2026-07-27,alta,confirmado
BIDI11,BIDI,Financeiro,Intermediários Financeiros,Bancos,https://www.fundamentus.com.br/detalhes.php?papel=BIDI11,2026-08-07,documento indicado registra BIDI11 em Financeiro / Intermediários Financeiros / Bancos; identidade e atividade reconciliadas com FCA/CVM,sim,2018-04-30,2022-06-17,alta,confirmado
BIDI4,BIDI,Financeiro,Intermediários Financeiros,Bancos,https://www.fundamentus.com.br/detalhes.php?papel=BIDI4,2026-08-07,documento indicado registra BIDI4 em Financeiro / Intermediários Financeiros / Bancos; identidade e atividade reconciliadas com FCA/CVM,sim,2018-05-11,2022-06-17,alta,confirmado
BKBR3,BKBR,Consumo Cíclico,Hoteis e Restaurantes,Restaurante e Similares,B3 classificação setorial 15/09/2022 + CVM/FCA,2022-09-15,B3 código=BKBR; snapshot sha256=6127B9F03E2D; atividade histórica FCA revisada,sim,2017-12-18,2022-10-25,alta,confirmado
BPAC11,BPAC,Financeiro,Intermediários Financeiros,Bancos,B3 classificação setorial atual + CVM/FCA,2026-08-07,B3 código=BPAC; snapshot sha256=AA2595618AD4; atividade histórica FCA revisada,sim,2017-02-16,2026-07-27,alta,confirmado
BPAN4,BPAN,Financeiro,Intermediários Financeiros,Bancos,B3 classificação setorial 15/09/2022 + CVM/FCA,2022-09-15,B3 código=BPAN; snapshot sha256=6127B9F03E2D; atividade histórica FCA revisada,sim,2015-01-02,2026-01-23,alta,confirmado
BRAP4,BRAP,Materiais Básicos,Mineração,Minerais Metálicos,B3 classificação setorial atual + CVM/FCA,2026-08-07,B3 código=BRAP; snapshot sha256=AA2595618AD4; atividade histórica FCA revisada,sim,2015-01-02,2026-07-27,alta,confirmado
BRDT3,BRDT,"Petróleo, Gás e Biocombustíveis","Petróleo, Gás e Biocombustíveis",Distribuição de Combustíveis,https://sistemaswebb3-listados.b3.com.br/listedCompaniesPage/main/24295/VBBR/overview?language=pt-br,2026-08-07,página oficial B3 vincula o ticker ao código CVM 24295 e ao grupo registrado; FCA/CVM revisada,sim,2017-12-15,2021-10-21,alta,confirmado
BRFS3,BRFS,Consumo não Cíclico,Alimentos Processados,Carnes e Derivados,B3 classificação setorial 15/09/2022 + CVM/FCA,2022-09-15,B3 código=BRFS; snapshot sha256=6127B9F03E2D; atividade histórica FCA revisada,sim,2015-01-02,2025-09-22,alta,confirmado
BRKM5,BRKM,Materiais Básicos,Químicos,Petroquímicos,B3 classificação setorial atual + CVM/FCA,2026-08-07,B3 código=BRKM; snapshot sha256=AA2595618AD4; atividade histórica FCA revisada,sim,2015-01-02,2026-07-27,alta,confirmado
BRML3,BRML,Financeiro,Exploração de Imóveis,Exploração de Imóveis,B3 classificação setorial 15/09/2022 + CVM/FCA,2022-09-15,B3 código=BRML; snapshot sha256=6127B9F03E2D; atividade histórica FCA revisada,sim,2015-01-02,2023-01-06,alta,confirmado
BRPR3,BRPR,Financeiro,Exploração de Imóveis,Exploração de Imóveis,B3 classificação setorial 15/09/2022 + CVM/FCA,2022-09-15,B3 código=BRPR; snapshot sha256=6127B9F03E2D; atividade histórica FCA revisada,sim,2015-01-02,2023-10-19,alta,confirmado
BRSR6,BRSR,Financeiro,Intermediários Financeiros,Bancos,B3 classificação setorial atual + CVM/FCA,2026-08-07,B3 código=BRSR; snapshot sha256=AA2595618AD4; atividade histórica FCA revisada,sim,2015-01-02,2026-07-27,alta,confirmado
BTOW3,BTOW,Consumo Cíclico,Comércio Varejista,Produtos Diversos,https://pco.uem.br/0-arquivos/dissertacoes/2018_mara-cristina-piovesan-cortezia.pdf,2026-08-07,documento indicado registra BTOW3 em Consumo Cíclico / Comércio Varejista / Produtos Diversos; identidade e atividade reconciliadas com FCA/CVM,sim,2015-01-02,2021-07-16,alta,confirmado
BVMF3,BVMF,Financeiro,Serviços Financeiros Diversos,Serviços Financeiros Diversos,https://repositorio.ufpb.br/jspui/bitstream/123456789/1880/1/GKBG30082017.pdf | https://pco.uem.br/0-arquivos/dissertacoes/2018_mara-cristina-piovesan-cortezia.pdf,2026-08-07,documento indicado registra BVMF3 em Financeiro / Serviços Financeiros Diversos / Serviços Financeiros Diversos; identidade e atividade reconciliadas com FCA/CVM,sim,2015-01-02,2018-03-23,alta,confirmado
CASH3,CASH,Tecnologia da Informação,Programas e Serviços,Programas e Serviços,B3 classificação setorial atual + CVM/FCA,2026-08-07,B3 código=CASH; snapshot sha256=AA2595618AD4; atividade histórica FCA revisada,sim,2020-11-05,2026-07-27,alta,confirmado
CBAV3,CBAV,Materiais Básicos,Mineração,Minerais Metálicos,B3 classificação setorial atual + CVM/FCA,2026-08-07,B3 código=CBAV; snapshot sha256=AA2595618AD4; atividade histórica FCA revisada,sim,2021-07-15,2026-07-27,alta,confirmado
CCRO3,CCRO,Bens Industriais,Transporte,Exploração de Rodovias,B3 classificação setorial 15/09/2022 + CVM/FCA,2022-09-15,B3 código=CCRO; snapshot sha256=6127B9F03E2D; atividade histórica FCA revisada,sim,2015-01-02,2025-04-30,alta,confirmado
CEAB3,CEAB,Consumo Cíclico,Comércio Varejista,"Tecidos, Vestuário e Calçados",B3 classificação setorial atual + CVM/FCA,2026-08-07,B3 código=CEAB; snapshot sha256=AA2595618AD4; atividade histórica FCA revisada,sim,2019-10-28,2026-07-27,alta,confirmado
CESP6,CESP,Utilidade Pública,Energia Elétrica,Energia Elétrica,https://www.fundamentus.com.br/detalhes.php?papel=CESP6,2026-08-07,documento indicado registra CESP6 em Utilidade Pública / Energia Elétrica / Energia Elétrica; identidade e atividade reconciliadas com FCA/CVM,sim,2015-01-02,2022-03-25,alta,confirmado
CIEL3,CIEL,Financeiro,Serviços Financeiros Diversos,Serviços Financeiros Diversos,B3 classificação setorial 15/09/2022 + CVM/FCA,2022-09-15,B3 código=CIEL; snapshot sha256=6127B9F03E2D; atividade histórica FCA revisada,sim,2015-01-02,2024-08-26,alta,confirmado
CMIG3,CMIG,Utilidade Pública,Energia Elétrica,Energia Elétrica,B3 classificação setorial atual + CVM/FCA,2026-08-07,B3 código=CMIG; snapshot sha256=AA2595618AD4; atividade histórica FCA revisada,sim,2015-01-02,2026-07-27,alta,confirmado
CMIG4,CMIG,Utilidade Pública,Energia Elétrica,Energia Elétrica,B3 classificação setorial atual + CVM/FCA,2026-08-07,B3 código=CMIG; snapshot sha256=AA2595618AD4; atividade histórica FCA revisada,sim,2015-01-02,2026-07-27,alta,confirmado
CMIN3,CMIN,Materiais Básicos,Mineração,Minerais Metálicos,B3 classificação setorial atual + CVM/FCA,2026-08-07,B3 código=CMIN; snapshot sha256=AA2595618AD4; atividade histórica FCA revisada,sim,2021-02-18,2026-07-27,alta,confirmado
CNTO3,CNTO,Consumo Cíclico,Comércio Varejista,Produtos Diversos,https://sistemaswebb3-listados.b3.com.br/listedCompaniesPage/main/24694/CODBOLSA/overview?language=pt-br,2026-08-07,documento indicado registra CNTO3 em Consumo Cíclico / Comércio Varejista / Produtos Diversos; identidade e atividade reconciliadas com FCA/CVM,sim,2019-04-17,2021-03-30,alta,confirmado
COGN3,COGN,Consumo Cíclico,Diversos,Serviços Educacionais,B3 classificação setorial atual + CVM/FCA,2026-08-07,B3 código=COGN; snapshot sha256=AA2595618AD4; atividade histórica FCA revisada,sim,2019-10-11,2026-07-27,alta,confirmado
CPFE3,CPFE,Utilidade Pública,Energia Elétrica,Energia Elétrica,B3 classificação setorial atual + CVM/FCA,2026-08-07,B3 código=CPFE; snapshot sha256=AA2595618AD4; atividade histórica FCA revisada,sim,2015-01-02,2026-07-27,alta,confirmado
CPLE3,CPLE,Utilidade Pública,Energia Elétrica,Energia Elétrica,B3 classificação setorial atual + CVM/FCA,2026-08-07,B3 código=CPLE; snapshot sha256=AA2595618AD4; atividade histórica FCA revisada,sim,2015-01-02,2026-07-27,alta,confirmado
CPLE6,CPLE,Utilidade Pública,Energia Elétrica,Energia Elétrica,B3 classificação setorial 15/09/2022 + CVM/FCA,2022-09-15,B3 código=CPLE; snapshot sha256=6127B9F03E2D; atividade histórica FCA revisada,sim,2015-01-02,2025-11-07,alta,confirmado
CRFB3,CRFB,Consumo não Cíclico,Comércio e Distribuição,Alimentos,B3 classificação setorial 15/09/2022 + CVM/FCA,2022-09-15,B3 código=CRFB; snapshot sha256=6127B9F03E2D; atividade histórica FCA revisada,sim,2017-07-20,2025-05-30,alta,confirmado
CSAN3,CSAN,"Petróleo, Gás e Biocombustíveis","Petróleo, Gás e Biocombustíveis","Exploração, Refino e Distribuição",B3 classificação setorial atual + CVM/FCA,2026-08-07,B3 código=CSAN; snapshot sha256=AA2595618AD4; atividade histórica FCA revisada,sim,2015-01-02,2026-07-27,alta,confirmado
CSMG3,CSMG,Utilidade Pública,Água e Saneamento,Água e Saneamento,B3 classificação setorial atual + CVM/FCA,2026-08-07,B3 código=CSMG; snapshot sha256=AA2595618AD4; atividade histórica FCA revisada,sim,2015-01-02,2026-07-27,alta,confirmado
CSNA3,CSNA,Materiais Básicos,Siderurgia e Metalurgia,Siderurgia,B3 classificação setorial atual + CVM/FCA,2026-08-07,B3 código=CSNA; snapshot sha256=AA2595618AD4; atividade histórica FCA revisada,sim,2015-01-02,2026-07-27,alta,confirmado
CTIP3,CTIP,Financeiro,Serviços Financeiros Diversos,Serviços Financeiros Diversos,https://repositorio.ufpb.br/jspui/bitstream/123456789/1880/1/GKBG30082017.pdf | https://pco.uem.br/0-arquivos/dissertacoes/2018_mara-cristina-piovesan-cortezia.pdf,2026-08-07,documento indicado registra CTIP3 em Financeiro / Serviços Financeiros Diversos / Serviços Financeiros Diversos; identidade e atividade reconciliadas com FCA/CVM,sim,2015-01-02,2017-03-29,alta,confirmado
CURY3,CURY,Consumo Cíclico,Construção Civil,Incorporações,B3 classificação setorial atual + CVM/FCA,2026-08-07,B3 código=CURY; snapshot sha256=AA2595618AD4; atividade histórica FCA revisada,sim,2020-09-21,2026-07-27,alta,confirmado
CVCB3,CVCB,Consumo Cíclico,Viagens e Lazer,Viagens e Turismo,B3 classificação setorial atual + CVM/FCA,2026-08-07,B3 código=CVCB; snapshot sha256=AA2595618AD4; atividade histórica FCA revisada,sim,2015-01-02,2026-07-27,alta,confirmado
CXSE3,CXSE,Financeiro,Previdência e Seguros,Seguradoras,B3 classificação setorial atual + CVM/FCA,2026-08-07,B3 código=CXSE; snapshot sha256=AA2595618AD4; atividade histórica FCA revisada,sim,2021-04-29,2026-07-27,alta,confirmado
CYRE3,CYRE,Consumo Cíclico,Construção Civil,Incorporações,B3 classificação setorial atual + CVM/FCA,2026-08-07,B3 código=CYRE; snapshot sha256=AA2595618AD4; atividade histórica FCA revisada,sim,2015-01-02,2026-07-27,alta,confirmado
DIRR3,DIRR,Consumo Cíclico,Construção Civil,Incorporações,B3 classificação setorial atual + CVM/FCA,2026-08-07,B3 código=DIRR; snapshot sha256=AA2595618AD4; atividade histórica FCA revisada,sim,2015-01-02,2026-07-27,alta,confirmado
DTEX3,DTEX,Materiais Básicos,Madeira e Papel,Madeira,https://sistemaswebb3-listados.b3.com.br/listedCompaniesPage/main/21091/CODBOLSA/overview?language=pt-br,2026-08-07,documento indicado registra DTEX3 em Materiais Básicos / Madeira e Papel / Madeira; identidade e atividade reconciliadas com FCA/CVM,sim,2015-01-02,2021-08-18,alta,confirmado
DXCO3,DXCO,Materiais Básicos,Madeira e Papel,Madeira,B3 classificação setorial atual + CVM/FCA,2026-08-07,B3 código=DXCO; snapshot sha256=AA2595618AD4; atividade histórica FCA revisada,sim,2021-08-19,2026-07-27,alta,confirmado
ECOR3,ECOR,Bens Industriais,Transporte,Exploração de Rodovias,B3 classificação setorial atual + CVM/FCA,2026-08-07,B3 código=ECOR; snapshot sha256=AA2595618AD4; atividade histórica FCA revisada,sim,2015-01-02,2026-07-27,alta,confirmado
EGIE3,EGIE,Utilidade Pública,Energia Elétrica,Energia Elétrica,B3 classificação setorial atual + CVM/FCA,2026-08-07,B3 código=EGIE; snapshot sha256=AA2595618AD4; atividade histórica FCA revisada,sim,2016-07-21,2026-07-27,alta,confirmado
ELET3,ELET,Utilidade Pública,Energia Elétrica,Energia Elétrica,B3 classificação setorial 15/09/2022 + CVM/FCA,2022-09-15,B3 código=ELET; snapshot sha256=6127B9F03E2D; atividade histórica FCA revisada,sim,2015-01-02,2025-11-07,alta,confirmado
ELET6,ELET,Utilidade Pública,Energia Elétrica,Energia Elétrica,B3 classificação setorial 15/09/2022 + CVM/FCA,2022-09-15,B3 código=ELET; snapshot sha256=6127B9F03E2D; atividade histórica FCA revisada,sim,2015-01-02,2025-11-07,alta,confirmado
ELPL4,ELPL,Utilidade Pública,Energia Elétrica,Energia Elétrica,https://www.fundamentus.com.br/detalhes.php?papel=ELPL4,2026-08-07,documento indicado registra ELPL4 em Utilidade Pública / Energia Elétrica / Energia Elétrica; identidade e atividade reconciliadas com FCA/CVM,sim,2015-01-02,2017-11-24,media,confirmado
EMBR3,EMBR,Bens Industriais,Material de Transporte,Material Aeronáutico e de Defesa,B3 classificação setorial 15/09/2022 + CVM/FCA,2022-09-15,B3 código=EMBR; snapshot sha256=6127B9F03E2D; atividade histórica FCA revisada,sim,2015-01-02,2025-10-31,alta,confirmado
ENAT3,ENAT,"Petróleo, Gás e Biocombustíveis","Petróleo, Gás e Biocombustíveis","Exploração, Refino e Distribuição",B3 classificação setorial 15/09/2022 + CVM/FCA,2022-09-15,B3 código=ENAT; snapshot sha256=6127B9F03E2D; atividade histórica FCA revisada,sim,2019-04-24,2024-07-31,alta,confirmado
ENBR3,ENBR,Utilidade Pública,Energia Elétrica,Energia Elétrica,B3 classificação setorial 15/09/2022 + CVM/FCA,2022-09-15,B3 código=ENBR; snapshot sha256=6127B9F03E2D; atividade histórica FCA revisada,sim,2015-01-02,2023-08-21,alta,confirmado
ENEV3,ENEV,Utilidade Pública,Energia Elétrica,Energia Elétrica,B3 classificação setorial atual + CVM/FCA,2026-08-07,B3 código=ENEV; snapshot sha256=AA2595618AD4; atividade histórica FCA revisada,sim,2016-07-01,2026-07-27,alta,confirmado
ENGI11,ENGI,Utilidade Pública,Energia Elétrica,Energia Elétrica,B3 classificação setorial atual + CVM/FCA,2026-08-07,B3 código=ENGI; snapshot sha256=AA2595618AD4; atividade histórica FCA revisada,sim,2015-01-05,2026-07-27,alta,confirmado
EQTL3,EQTL,Utilidade Pública,Energia Elétrica,Energia Elétrica,B3 classificação setorial atual + CVM/FCA,2026-08-07,B3 código=EQTL; snapshot sha256=AA2595618AD4; atividade histórica FCA revisada,sim,2015-01-02,2026-07-27,alta,confirmado
ESTC3,ESTC,Consumo Cíclico,Diversos,Serviços Educacionais,https://pco.uem.br/0-arquivos/dissertacoes/2018_mara-cristina-piovesan-cortezia.pdf,2026-08-07,documento indicado registra ESTC3 em Consumo Cíclico / Diversos / Serviços Educacionais; identidade e atividade reconciliadas com FCA/CVM,sim,2015-01-02,2019-07-22,alta,confirmado
EVEN3,EVEN,Consumo Cíclico,Construção Civil,Incorporações,B3 classificação setorial atual + CVM/FCA,2026-08-07,B3 código=EVEN; snapshot sha256=AA2595618AD4; atividade histórica FCA revisada,sim,2015-01-02,2026-07-27,alta,confirmado
EZTC3,EZTC,Consumo Cíclico,Construção Civil,Incorporações,B3 classificação setorial atual + CVM/FCA,2026-08-07,B3 código=EZTC; snapshot sha256=AA2595618AD4; atividade histórica FCA revisada,sim,2015-01-02,2026-07-27,alta,confirmado
FIBR3,FIBR,Materiais Básicos,Madeira e Papel,Papel e Celulose,https://pco.uem.br/0-arquivos/dissertacoes/2018_mara-cristina-piovesan-cortezia.pdf,2026-08-07,documento indicado registra FIBR3 em Materiais Básicos / Madeira e Papel / Papel e Celulose; identidade e atividade reconciliadas com FCA/CVM,sim,2015-01-02,2019-01-03,alta,confirmado
FLRY3,FLRY,Saúde,"Serv.Méd.Hospit.,Análises e Diagnósticos","Serv.Méd.Hospit.,Análises e Diagnósticos",B3 classificação setorial atual + CVM/FCA,2026-08-07,B3 código=FLRY; snapshot sha256=AA2595618AD4; atividade histórica FCA revisada,sim,2015-01-02,2026-07-27,alta,confirmado
GFSA3,GFSA,Consumo Cíclico,Construção Civil,Incorporações,B3 classificação setorial atual + CVM/FCA,2026-08-07,B3 código=GFSA; snapshot sha256=AA2595618AD4; atividade histórica FCA revisada,sim,2015-01-02,2026-07-27,alta,confirmado
GGBR4,GGBR,Materiais Básicos,Siderurgia e Metalurgia,Siderurgia,B3 classificação setorial atual + CVM/FCA,2026-08-07,B3 código=GGBR; snapshot sha256=AA2595618AD4; atividade histórica FCA revisada,sim,2015-01-02,2026-07-27,alta,confirmado
GGPS3,GGPS,Bens Industriais,Serviços,Serviços Diversos,B3 classificação setorial atual + CVM/FCA,2026-08-07,B3 código=GGPS; snapshot sha256=AA2595618AD4; atividade histórica FCA revisada,sim,2021-04-26,2026-07-27,alta,confirmado
GMAT3,GMAT,Consumo não Cíclico,Comércio e Distribuição,Alimentos,B3 classificação setorial atual + CVM/FCA,2026-08-07,B3 código=GMAT; snapshot sha256=AA2595618AD4; atividade histórica FCA revisada,sim,2020-10-13,2026-07-27,alta,confirmado
GNDI3,GNDI,Saúde,"Serv.Méd.Hospit.,Análises e Diagnósticos","Serv.Méd.Hospit.,Análises e Diagnósticos",https://www.fundamentus.com.br/detalhes.php?papel=GNDI3,2026-08-07,"documento indicado registra GNDI3 em Saúde / Serv.Méd.Hospit.,Análises e Diagnósticos / Serv.Méd.Hospit.,Análises e Diagnósticos; identidade e atividade reconciliadas com FCA/CVM",sim,2018-04-23,2022-02-11,alta,confirmado
GOAU4,GOAU,Materiais Básicos,Siderurgia e Metalurgia,Siderurgia,B3 classificação setorial atual + CVM/FCA,2026-08-07,B3 código=GOAU; snapshot sha256=AA2595618AD4; atividade histórica FCA revisada,sim,2015-01-02,2026-07-27,alta,confirmado
GOLL4,GOLL,Bens Industriais,Transporte,Linhas Aéreas de Passageiros,B3 classificação setorial 15/09/2022 + CVM/FCA,2022-09-15,B3 código=GOLL; snapshot sha256=6127B9F03E2D; atividade histórica FCA revisada,sim,2015-01-02,2025-06-11,alta,confirmado
GRND3,GRND,Consumo Cíclico,"Tecidos, Vestuário e Calçados",Calçados,B3 classificação setorial atual + CVM/FCA,2026-08-07,B3 código=GRND; snapshot sha256=AA2595618AD4; atividade histórica FCA revisada,sim,2015-01-02,2026-07-27,alta,confirmado
GUAR3,GUAR,Consumo Cíclico,Comércio Varejista,"Tecidos, Vestuário e Calçados",B3 classificação setorial 15/09/2022 + CVM/FCA,2022-09-15,B3 código=GUAR; snapshot sha256=6127B9F03E2D; atividade histórica FCA revisada,sim,2015-01-02,2026-02-04,alta,confirmado
HAPV3,HAPV,Saúde,"Serv.Méd.Hospit.,Análises e Diagnósticos","Serv.Méd.Hospit.,Análises e Diagnósticos",B3 classificação setorial atual + CVM/FCA,2026-08-07,B3 código=HAPV; snapshot sha256=AA2595618AD4; atividade histórica FCA revisada,sim,2018-04-25,2026-07-27,alta,confirmado
HGTX3,HGTX,Consumo Cíclico,"Tecidos, Vestuário e Calçados",Vestuário,https://www.fundamentus.com.br/detalhes.php?papel=HGTX3,2026-08-07,"documento indicado registra HGTX3 em Consumo Cíclico / Tecidos, Vestuário e Calçados / Vestuário; identidade e atividade reconciliadas com FCA/CVM",sim,2015-01-02,2021-09-17,alta,confirmado
HYPE3,HYPE,Consumo não Cíclico,Diversos,Produtos Diversos,https://revistas.fucamp.edu.br/index.php/contabilometria/article/download/1186/986 | https://dados.cvm.gov.br/dados/CIA_ABERTA/DOC/FCA/DADOS/,2017-04-28,B3 jan-abr/2017 ainda em Produtos Diversos; fronteira interval-censored; convenção anual independente dos retornos,sim,2015-01-02,2017-12-31,media,confirmado
HYPE3,HYPE,Saúde,Comércio e Distribuição,Medicamentos e Outros Produtos,https://ri.hypera.com.br/hypera-pharma/perfil-corporativo/ | https://pt.scribd.com/document/420583959/listagem-Bovespa-portugues,2018-02-08,foco farmacêutico público em 04/12/2017; B3 pós-18/12/2017 já em Saúde; convenção de início 01/01/2018,sim,2018-01-01,2026-07-27,media,confirmado
IGTA3,IGTA,Financeiro,Exploração de Imóveis,Exploração de Imóveis,https://sistemaswebb3-listados.b3.com.br/listedCompaniesPage/main/20494/IGTA/overview?language=pt-br,2026-08-07,documento indicado registra IGTA3 em Financeiro / Exploração de Imóveis / Exploração de Imóveis; identidade e atividade reconciliadas com FCA/CVM,sim,2015-01-02,2021-11-19,alta,confirmado
IGTI11,IGTI,Financeiro,Exploração de Imóveis,Exploração de Imóveis,B3 classificação setorial atual + CVM/FCA,2026-08-07,B3 código=IGTI; snapshot sha256=AA2595618AD4; atividade histórica FCA revisada,sim,2021-11-22,2026-07-27,alta,confirmado
INTB3,INTB,Tecnologia da Informação,Computadores e Equipamentos,Computadores e Equipamentos,B3 classificação setorial atual + CVM/FCA,2026-08-07,B3 código=INTB; snapshot sha256=AA2595618AD4; atividade histórica FCA revisada,sim,2021-02-04,2026-07-27,alta,confirmado
IRBR3,IRBR,Financeiro,Previdência e Seguros,Resseguradoras,B3 classificação setorial atual + CVM/FCA,2026-08-07,B3 código=IRBR; snapshot sha256=AA2595618AD4; atividade histórica FCA revisada,sim,2017-07-31,2026-07-27,alta,confirmado
ITSA4,ITSA,Financeiro,Intermediários Financeiros,Bancos,https://bvmf.bmfbovespa.com.br/InstDados/InformacoesEmpresas/ClassifSetorial.zip | https://www.fundamentus.com.br/detalhes.php?papel=itsa4,2026-07-23,B3 15/09/2022 e página com última cotação em 23/07/2026 registram Bancos; mudança posterior está interval-censored,sim,2015-01-02,2026-07-23,media,confirmado
ITSA4,ITSA,,,,https://www.fundamentus.com.br/detalhes.php?papel=itsa4 | https://www.b3.com.br/pt_br/produtos-e-servicos/negociacao/renda-variavel/acoes/consultas/classificacao-setorial/,2026-08-07,última evidência de Bancos em 23/07/2026 e primeira observação de Holdings em 07/08/2026; 24-27/07 permanece sem classificação demonstrável,nao,2026-07-24,2026-07-27,baixa,evidencia_insuficiente
ITUB3,ITUB,Financeiro,Intermediários Financeiros,Bancos,B3 classificação setorial atual + CVM/FCA,2026-08-07,B3 código=ITUB; snapshot sha256=AA2595618AD4; atividade histórica FCA revisada,sim,2015-01-02,2026-07-27,alta,confirmado
ITUB4,ITUB,Financeiro,Intermediários Financeiros,Bancos,B3 classificação setorial atual + CVM/FCA,2026-08-07,B3 código=ITUB; snapshot sha256=AA2595618AD4; atividade histórica FCA revisada,sim,2015-01-02,2026-07-27,alta,confirmado
JBSS3,JBSS,Consumo não Cíclico,Alimentos Processados,Carnes e Derivados,B3 classificação setorial 15/09/2022 + CVM/FCA,2022-09-15,B3 código=JBSS; snapshot sha256=6127B9F03E2D; atividade histórica FCA revisada,sim,2015-01-02,2025-06-06,alta,confirmado
JHSF3,JHSF,Consumo Cíclico,Construção Civil,Incorporações,B3 classificação setorial atual + CVM/FCA,2026-08-07,B3 código=JHSF; snapshot sha256=AA2595618AD4; atividade histórica FCA revisada,sim,2015-01-02,2026-07-27,alta,confirmado
KLBN11,KLBN,Materiais Básicos,Madeira e Papel,Papel e Celulose,B3 classificação setorial atual + CVM/FCA,2026-08-07,B3 código=KLBN; snapshot sha256=AA2595618AD4; atividade histórica FCA revisada,sim,2015-01-02,2026-07-27,alta,confirmado
KROT3,KROT,Consumo Cíclico,Diversos,Serviços Educacionais,https://pco.uem.br/0-arquivos/dissertacoes/2018_mara-cristina-piovesan-cortezia.pdf,2026-08-07,documento indicado registra KROT3 em Consumo Cíclico / Diversos / Serviços Educacionais; identidade e atividade reconciliadas com FCA/CVM,sim,2015-01-02,2019-10-10,alta,confirmado
LAME3,LAME,Consumo Cíclico,Comércio Varejista,Produtos Diversos,https://www.fundamentus.com.br/detalhes.php?papel=LAME3,2026-08-07,documento indicado registra LAME3 em Consumo Cíclico / Comércio Varejista / Produtos Diversos; identidade e atividade reconciliadas com FCA/CVM,sim,2015-01-02,2022-01-21,alta,confirmado
LAME4,LAME,Consumo Cíclico,Comércio Varejista,Produtos Diversos,https://www.fundamentus.com.br/detalhes.php?papel=LAME4,2026-08-07,documento indicado registra LAME4 em Consumo Cíclico / Comércio Varejista / Produtos Diversos; identidade e atividade reconciliadas com FCA/CVM,sim,2015-01-02,2022-01-21,alta,confirmado
LCAM3,LCAM,Consumo Cíclico,Diversos,Aluguel de carros,https://www.fundamentus.com.br/detalhes.php?papel=LCAM3,2026-08-07,documento indicado registra LCAM3 em Consumo Cíclico / Diversos / Aluguel de carros; identidade e atividade reconciliadas com FCA/CVM,sim,2015-01-02,2022-07-01,alta,confirmado
LEVE3,LEVE,Consumo Cíclico,Automóveis e Motocicletas,Automóveis e Motocicletas,B3 classificação setorial atual + CVM/FCA,2026-08-07,B3 código=LEVE; snapshot sha256=AA2595618AD4; atividade histórica FCA revisada,sim,2015-01-02,2026-07-27,alta,confirmado
LIGT3,LIGT,Utilidade Pública,Energia Elétrica,Energia Elétrica,B3 classificação setorial 15/09/2022 + CVM/FCA,2022-09-15,B3 código=LIGT; snapshot sha256=6127B9F03E2D; atividade histórica FCA revisada,sim,2015-01-02,2023-05-12,alta,confirmado
LINX3,LINX,Tecnologia da Informação,Programas e Serviços,Programas e Serviços,https://www.fundamentus.com.br/detalhes.php?papel=LINX3,2026-08-07,documento indicado registra LINX3 em Tecnologia da Informação / Programas e Serviços / Programas e Serviços; identidade e atividade reconciliadas com FCA/CVM,sim,2015-01-02,2021-06-25,alta,confirmado
LJQQ3,LJQQ,Consumo Cíclico,Comércio Varejista,Produtos Diversos,B3 classificação setorial atual + CVM/FCA,2026-08-07,B3 código=LJQQ; snapshot sha256=AA2595618AD4; atividade histórica FCA revisada,sim,2020-08-10,2026-07-27,alta,confirmado
LREN3,LREN,Consumo Cíclico,Comércio Varejista,"Tecidos, Vestuário e Calçados",B3 classificação setorial atual + CVM/FCA,2026-08-07,B3 código=LREN; snapshot sha256=AA2595618AD4; atividade histórica FCA revisada,sim,2015-01-02,2026-07-27,alta,confirmado
LWSA3,LWSA,Tecnologia da Informação,Programas e Serviços,Programas e Serviços,B3 classificação setorial atual + CVM/FCA,2026-08-07,B3 código=LWSA; snapshot sha256=AA2595618AD4; atividade histórica FCA revisada,sim,2020-02-06,2026-07-27,alta,confirmado
MDIA3,MDIA,Consumo não Cíclico,Alimentos Processados,Alimentos Diversos,B3 classificação setorial atual + CVM/FCA,2026-08-07,B3 código=MDIA; snapshot sha256=AA2595618AD4; atividade histórica FCA revisada,sim,2015-01-02,2026-07-27,alta,confirmado
MGLU3,MGLU,Consumo Cíclico,Comércio Varejista,Eletrodomésticos,B3 classificação setorial atual + CVM/FCA,2026-08-07,B3 código=MGLU; snapshot sha256=AA2595618AD4; atividade histórica FCA revisada,sim,2015-01-02,2026-07-27,alta,confirmado
MOVI3,MOVI,Consumo Cíclico,Diversos,Aluguel de carros,B3 classificação setorial atual + CVM/FCA,2026-08-07,B3 código=MOVI; snapshot sha256=AA2595618AD4; atividade histórica FCA revisada,sim,2017-02-08,2026-07-27,alta,confirmado
MPLU3,MPLU,Consumo Cíclico,Diversos,Programas de Fidelização,https://www.b3.com.br/data/files/2E/B0/30/A9/8660371085446037AC094EA8/Edital%20da%20OPA%20da%20Multiplus%20-%20Versao%20Final%20Marcada.pdf,2026-08-07,documento indicado registra MPLU3 em Consumo Cíclico / Diversos / Programas de Fidelização; identidade e atividade reconciliadas com FCA/CVM,sim,2015-01-02,2019-04-22,alta,confirmado
MRFG3,MRFG,Consumo não Cíclico,Alimentos Processados,Carnes e Derivados,B3 classificação setorial 15/09/2022 + CVM/FCA,2022-09-15,B3 código=MRFG; snapshot sha256=6127B9F03E2D; atividade histórica FCA revisada,sim,2015-01-02,2025-09-22,alta,confirmado
MRVE3,MRVE,Consumo Cíclico,Construção Civil,Incorporações,B3 classificação setorial atual + CVM/FCA,2026-08-07,B3 código=MRVE; snapshot sha256=AA2595618AD4; atividade histórica FCA revisada,sim,2015-01-02,2026-07-27,alta,confirmado
MULT3,MULT,Financeiro,Exploração de Imóveis,Exploração de Imóveis,B3 classificação setorial atual + CVM/FCA,2026-08-07,B3 código=MULT; snapshot sha256=AA2595618AD4; atividade histórica FCA revisada,sim,2015-01-02,2026-07-27,alta,confirmado
MYPK3,MYPK,Consumo Cíclico,Automóveis e Motocicletas,Automóveis e Motocicletas,B3 classificação setorial atual + CVM/FCA,2026-08-07,B3 código=MYPK; snapshot sha256=AA2595618AD4; atividade histórica FCA revisada,sim,2015-01-02,2026-07-27,alta,confirmado
NATU3,NATU,Consumo não Cíclico,Produtos de Cuidado Pessoal e de Limpeza,Produtos de Cuidado Pessoal,B3 classificação setorial atual + CVM/FCA,2026-08-07,B3 código=NATU; snapshot sha256=AA2595618AD4; atividade histórica FCA revisada,sim,2015-01-02,2026-07-27,alta,confirmado
NEOE3,NEOE,Utilidade Pública,Energia Elétrica,Energia Elétrica,B3 classificação setorial 15/09/2022 + CVM/FCA,2022-09-15,B3 código=NEOE; snapshot sha256=6127B9F03E2D; atividade histórica FCA revisada,sim,2019-07-01,2026-05-04,alta,confirmado
NTCO3,NTCO,Consumo não Cíclico,Produtos de Cuidado Pessoal e de Limpeza,Produtos de Cuidado Pessoal,B3 classificação setorial 15/09/2022 + CVM/FCA,2022-09-15,B3 código=NTCO; snapshot sha256=6127B9F03E2D; atividade histórica FCA revisada,sim,2019-12-18,2025-07-01,alta,confirmado
ODPV3,ODPV,Saúde,"Serv.Méd.Hospit.,Análises e Diagnósticos","Serv.Méd.Hospit.,Análises e Diagnósticos",B3 classificação setorial 15/09/2022 + CVM/FCA,2022-09-15,B3 código=ODPV; snapshot sha256=6127B9F03E2D; atividade histórica FCA revisada,sim,2015-01-02,2026-05-04,alta,confirmado
ONCO3,ONCO,Saúde,"Serv.Méd.Hospit.,Análises e Diagnósticos","Serv.Méd.Hospit.,Análises e Diagnósticos",B3 classificação setorial atual + CVM/FCA,2026-08-07,B3 código=ONCO; snapshot sha256=AA2595618AD4; atividade histórica FCA revisada,sim,2021-08-10,2026-07-14,alta,confirmado
ORVR3,ORVR,Utilidade Pública,Água e Saneamento,Água e Saneamento,B3 classificação setorial atual + CVM/FCA,2026-08-07,B3 código=ORVR; snapshot sha256=AA2595618AD4; atividade histórica FCA revisada,sim,2021-02-17,2026-07-27,alta,confirmado
PARD3,PARD,Saúde,"Serv.Méd.Hospit.,Análises e Diagnósticos","Serv.Méd.Hospit.,Análises e Diagnósticos",B3 classificação setorial 15/09/2022 + CVM/FCA,2022-09-15,B3 código=PARD; snapshot sha256=6127B9F03E2D; atividade histórica FCA revisada,sim,2017-02-14,2023-04-28,alta,confirmado
PCAR3,PCAR,Consumo não Cíclico,Comércio e Distribuição,Alimentos,B3 classificação setorial 15/09/2022 + CVM/FCA,2022-09-15,B3 código=PCAR; snapshot sha256=6127B9F03E2D; atividade histórica FCA revisada,sim,2015-06-30,2026-03-10,alta,confirmado
PCAR4,PCAR,Consumo não Cíclico,Comércio e Distribuição,Alimentos,B3 classificação setorial 15/09/2022 + CVM/FCA,2022-09-15,B3 código=PCAR; snapshot sha256=6127B9F03E2D; atividade histórica FCA revisada,sim,2015-01-02,2020-02-28,alta,confirmado
PETR3,PETR,"Petróleo, Gás e Biocombustíveis","Petróleo, Gás e Biocombustíveis","Exploração, Refino e Distribuição",B3 classificação setorial atual + CVM/FCA,2026-08-07,B3 código=PETR; snapshot sha256=AA2595618AD4; atividade histórica FCA revisada,sim,2015-01-02,2026-07-27,alta,confirmado
PETR4,PETR,"Petróleo, Gás e Biocombustíveis","Petróleo, Gás e Biocombustíveis","Exploração, Refino e Distribuição",B3 classificação setorial atual + CVM/FCA,2026-08-07,B3 código=PETR; snapshot sha256=AA2595618AD4; atividade histórica FCA revisada,sim,2015-01-02,2026-07-27,alta,confirmado
PETZ3,PETZ,Consumo Cíclico,Comércio Varejista,Produtos Diversos,B3 classificação setorial 15/09/2022 + CVM/FCA,2022-09-15,B3 código=PETZ; snapshot sha256=6127B9F03E2D; atividade histórica FCA revisada,sim,2020-09-11,2026-01-02,alta,confirmado
POMO4,POMO,Bens Industriais,Material de Transporte,Material Rodoviário,B3 classificação setorial atual + CVM/FCA,2026-08-07,B3 código=POMO; snapshot sha256=AA2595618AD4; atividade histórica FCA revisada,sim,2015-01-02,2026-07-27,alta,confirmado
POSI3,POSI,Tecnologia da Informação,Computadores e Equipamentos,Computadores e Equipamentos,B3 classificação setorial atual + CVM/FCA,2026-08-07,B3 código=POSI; snapshot sha256=AA2595618AD4; atividade histórica FCA revisada,sim,2015-01-02,2026-07-27,alta,confirmado
PRIO3,PRIO,"Petróleo, Gás e Biocombustíveis","Petróleo, Gás e Biocombustíveis","Exploração, Refino e Distribuição",B3 classificação setorial atual + CVM/FCA,2026-08-07,B3 código=PRIO; snapshot sha256=AA2595618AD4; atividade histórica FCA revisada,sim,2015-06-26,2026-07-27,alta,confirmado
PSSA3,PSSA,Financeiro,Previdência e Seguros,Seguradoras,B3 classificação setorial atual + CVM/FCA,2026-08-07,B3 código=PSSA; snapshot sha256=AA2595618AD4; atividade histórica FCA revisada,sim,2015-01-02,2026-07-27,alta,confirmado
QGEP3,QGEP,"Petróleo, Gás e Biocombustíveis","Petróleo, Gás e Biocombustíveis","Exploração, Refino e Distribuição",https://repositorio.fgv.br/bitstreams/e8be729b-3631-4249-8b07-4cdb72474df1/download,2026-08-07,"documento indicado registra QGEP3 em Petróleo, Gás e Biocombustíveis / Petróleo, Gás e Biocombustíveis / Exploração, Refino e Distribuição; identidade e atividade reconciliadas com FCA/CVM",sim,2015-01-02,2019-04-23,alta,confirmado
QUAL3,QUAL,Saúde,"Serv.Méd.Hospit.,Análises e Diagnósticos","Serv.Méd.Hospit.,Análises e Diagnósticos",B3 classificação setorial atual + CVM/FCA,2026-08-07,B3 código=QUAL; snapshot sha256=AA2595618AD4; atividade histórica FCA revisada,sim,2015-01-02,2026-07-27,alta,confirmado
RADL3,RADL,Saúde,Comércio e Distribuição,Medicamentos e Outros Produtos,B3 classificação setorial atual + CVM/FCA,2026-08-07,B3 código=RADL; snapshot sha256=AA2595618AD4; atividade histórica FCA revisada,sim,2015-01-02,2026-07-27,alta,confirmado
RAIL3,RAIL,Bens Industriais,Transporte,Transporte Ferroviário,B3 classificação setorial atual + CVM/FCA,2026-08-07,B3 código=RAIL; snapshot sha256=AA2595618AD4; atividade histórica FCA revisada,sim,2017-03-13,2026-07-27,alta,confirmado
RAIZ4,RAIZ,Consumo não Cíclico,Agropecuária,Agricultura,https://bvmf.bmfbovespa.com.br/InstDados/InformacoesEmpresas/ClassifSetorial.zip | https://www.infomoney.com.br/onde-investir/onde-investir-data-com-confira-as-datas-de-corte-para-investir-em-acoes-em-julho-2023-e-ganhar-com-dividendos/,2023-07-10,Agricultura confirmada em 2022 e 10/07/2023; fronteira interval-censored; convenção anual independente dos retornos,nao,2021-08-05,2023-12-31,media,confirmado
RAIZ4,RAIZ,"Petróleo, Gás e Biocombustíveis","Petróleo, Gás e Biocombustíveis","Exploração, Refino e Distribuição",https://revistas.unicentro.br/index.php/capitalcientifico/article/view/7932/html | https://www.b3.com.br/pt_br/produtos-e-servicos/negociacao/renda-variavel/acoes/consultas/classificacao-setorial/,2024-03-27,base B3 de 27/03/2024 e snapshot atual em Petróleo; convenção de início 01/01/2024,nao,2024-01-01,2026-03-11,media,confirmado
RAPT4,RAPT,Bens Industriais,Material de Transporte,Material Rodoviário,B3 classificação setorial atual + CVM/FCA,2026-08-07,B3 código=RAPT; snapshot sha256=AA2595618AD4; atividade histórica FCA revisada,sim,2015-01-02,2026-07-27,alta,confirmado
RDOR3,RDOR,Saúde,"Serv.Méd.Hospit.,Análises e Diagnósticos","Serv.Méd.Hospit.,Análises e Diagnósticos",B3 classificação setorial atual + CVM/FCA,2026-08-07,B3 código=RDOR; snapshot sha256=AA2595618AD4; atividade histórica FCA revisada,sim,2020-12-10,2026-07-27,alta,confirmado
RECV3,RECV,"Petróleo, Gás e Biocombustíveis","Petróleo, Gás e Biocombustíveis","Exploração, Refino e Distribuição",B3 classificação setorial atual + CVM/FCA,2026-08-07,B3 código=RECV; snapshot sha256=AA2595618AD4; atividade histórica FCA revisada,sim,2021-05-05,2026-07-27,alta,confirmado
RENT3,RENT,Consumo Cíclico,Diversos,Aluguel de carros,B3 classificação setorial atual + CVM/FCA,2026-08-07,B3 código=RENT; snapshot sha256=AA2595618AD4; atividade histórica FCA revisada,sim,2015-01-02,2026-07-27,alta,confirmado
RRRP3,RRRP,"Petróleo, Gás e Biocombustíveis","Petróleo, Gás e Biocombustíveis","Exploração, Refino e Distribuição",B3 classificação setorial 15/09/2022 + CVM/FCA,2022-09-15,B3 código=RRRP; snapshot sha256=6127B9F03E2D; atividade histórica FCA revisada,sim,2020-11-12,2024-09-06,alta,confirmado
RUMO3,RUMO,Bens Industriais,Transporte,Transporte Ferroviário,https://pco.uem.br/0-arquivos/dissertacoes/2018_mara-cristina-piovesan-cortezia.pdf,2026-08-07,documento indicado registra RUMO3 em Bens Industriais / Transporte / Transporte Ferroviário; identidade e atividade reconciliadas com FCA/CVM,sim,2015-04-01,2017-03-10,alta,confirmado
SANB11,SANB,Financeiro,Intermediários Financeiros,Bancos,B3 classificação setorial atual + CVM/FCA,2026-08-07,B3 código=SANB; snapshot sha256=AA2595618AD4; atividade histórica FCA revisada,sim,2015-01-02,2026-07-27,alta,confirmado
SAPR11,SAPR,Utilidade Pública,Água e Saneamento,Água e Saneamento,B3 classificação setorial atual + CVM/FCA,2026-08-07,B3 código=SAPR; snapshot sha256=AA2595618AD4; atividade histórica FCA revisada,sim,2017-11-22,2026-07-27,alta,confirmado
SAPR4,SAPR,Utilidade Pública,Água e Saneamento,Água e Saneamento,B3 classificação setorial atual + CVM/FCA,2026-08-07,B3 código=SAPR; snapshot sha256=AA2595618AD4; atividade histórica FCA revisada,sim,2015-01-02,2026-07-27,alta,confirmado
SBFG3,SBFG,Consumo Cíclico,Comércio Varejista,Produtos Diversos,B3 classificação setorial atual + CVM/FCA,2026-08-07,B3 código=SBFG; snapshot sha256=AA2595618AD4; atividade histórica FCA revisada,sim,2021-03-31,2026-07-27,alta,confirmado
SBSP3,SBSP,Utilidade Pública,Água e Saneamento,Água e Saneamento,B3 classificação setorial atual + CVM/FCA,2026-08-07,B3 código=SBSP; snapshot sha256=AA2595618AD4; atividade histórica FCA revisada,sim,2015-01-02,2026-07-27,alta,confirmado
SEER3,SEER,Consumo Cíclico,Diversos,Serviços Educacionais,B3 classificação setorial atual + CVM/FCA,2026-08-07,B3 código=SEER; snapshot sha256=AA2595618AD4; atividade histórica FCA revisada,sim,2015-01-02,2026-07-27,alta,confirmado
SIMH3,SIMH,Financeiro,Holdings Diversificadas,Holdings Diversificadas,B3 classificação setorial atual + CVM/FCA,2026-08-07,B3 código=SIMH; snapshot sha256=AA2595618AD4; atividade histórica FCA revisada,sim,2020-09-18,2026-07-27,alta,confirmado
SLCE3,SLCE,Consumo não Cíclico,Agropecuária,Agricultura,B3 classificação setorial atual + CVM/FCA,2026-08-07,B3 código=SLCE; snapshot sha256=AA2595618AD4; atividade histórica FCA revisada,sim,2015-01-02,2026-07-27,alta,confirmado
SMFT3,SMFT,Consumo Cíclico,Viagens e Lazer,Atividades Esportivas,B3 classificação setorial atual + CVM/FCA,2026-08-07,B3 código=SMFT; snapshot sha256=AA2595618AD4; atividade histórica FCA revisada,sim,2021-07-14,2026-07-27,alta,confirmado
SMLE3,SMLE,Consumo Cíclico,Diversos,Programas de Fidelização,https://pco.uem.br/0-arquivos/dissertacoes/2018_mara-cristina-piovesan-cortezia.pdf,2026-08-07,fotografia da lista B3 de 21/12/2016 registra SMLE3 em Programas de Fidelização; FCA/CVM revisada,sim,2015-01-02,2017-10-20,media,confirmado
SMLS3,SMLS,Consumo Cíclico,Diversos,Programas de Fidelização,https://sistemaswebb3-listados.b3.com.br/listedCompaniesPage/main/24252/CODBOLSA/overview?language=pt-br,2026-08-07,documento indicado registra SMLS3 em Consumo Cíclico / Diversos / Programas de Fidelização; identidade e atividade reconciliadas com FCA/CVM,sim,2017-10-23,2021-06-04,alta,confirmado
SMTO3,SMTO,Consumo não Cíclico,Alimentos Processados,Açucar e Alcool,B3 classificação setorial atual + CVM/FCA,2026-08-07,B3 código=SMTO; snapshot sha256=AA2595618AD4; atividade histórica FCA revisada,sim,2015-01-02,2026-07-27,alta,confirmado
SOMA3,SOMA,Consumo Cíclico,Comércio Varejista,"Tecidos, Vestuário e Calçados",B3 classificação setorial 15/09/2022 + CVM/FCA,2022-09-15,B3 código=SOMA; snapshot sha256=6127B9F03E2D; atividade histórica FCA revisada,sim,2020-07-31,2024-07-31,alta,confirmado
STBP3,STBP,Bens Industriais,Transporte,Serviços de Apoio e Armazenagem,B3 classificação setorial 15/09/2022 + CVM/FCA,2022-09-15,B3 código=STBP; snapshot sha256=6127B9F03E2D; atividade histórica FCA revisada,sim,2016-08-22,2025-10-02,alta,confirmado
SULA11,SULA,Financeiro,Previdência e Seguros,Seguradoras,B3 classificação setorial 15/09/2022 + CVM/FCA,2022-09-15,B3 código=SULA; snapshot sha256=6127B9F03E2D; atividade histórica FCA revisada,sim,2015-01-02,2022-12-23,alta,confirmado
SUZB3,SUZB,Materiais Básicos,Madeira e Papel,Papel e Celulose,B3 classificação setorial atual + CVM/FCA,2026-08-07,B3 código=SUZB; snapshot sha256=AA2595618AD4; atividade histórica FCA revisada,sim,2017-11-10,2026-07-27,alta,confirmado
SUZB5,SUZB,Materiais Básicos,Madeira e Papel,Papel e Celulose,B3 classificação setorial 15/09/2022 + CVM/FCA,2022-09-15,B3 código=SUZB; snapshot sha256=6127B9F03E2D; atividade histórica FCA revisada,sim,2015-01-02,2017-11-09,alta,confirmado
TAEE11,TAEE,Utilidade Pública,Energia Elétrica,Energia Elétrica,B3 classificação setorial atual + CVM/FCA,2026-08-07,B3 código=TAEE; snapshot sha256=AA2595618AD4; atividade histórica FCA revisada,sim,2015-01-02,2026-07-27,alta,confirmado
TASA4,TASA,Bens Industriais,Máquinas e Equipamentos,Armas e Munições,B3 classificação setorial atual + CVM/FCA,2026-08-07,B3 código=TASA; snapshot sha256=AA2595618AD4; atividade histórica FCA revisada,sim,2019-11-12,2026-07-27,alta,confirmado
TEND3,TEND,Consumo Cíclico,Construção Civil,Incorporações,B3 classificação setorial atual + CVM/FCA,2026-08-07,B3 código=TEND; snapshot sha256=AA2595618AD4; atividade histórica FCA revisada,sim,2017-05-04,2026-07-27,alta,confirmado
TGMA3,TGMA,Bens Industriais,Transporte,Transporte Rodoviário,B3 classificação setorial atual + CVM/FCA,2026-08-07,B3 código=TGMA; snapshot sha256=AA2595618AD4; atividade histórica FCA revisada,sim,2015-01-02,2026-07-27,alta,confirmado
TIET11,TIET,Utilidade Pública,Energia Elétrica,Energia Elétrica,https://www.fundamentus.com.br/detalhes.php?papel=TIET11,2026-08-07,documento indicado registra TIET11 em Utilidade Pública / Energia Elétrica / Energia Elétrica; identidade e atividade reconciliadas com FCA/CVM,sim,2016-01-04,2021-03-26,alta,confirmado
TIMP3,TIMP,Comunicações,Telecomunicações,Telecomunicações,https://pco.uem.br/0-arquivos/dissertacoes/2018_mara-cristina-piovesan-cortezia.pdf,2026-08-07,documento indicado registra TIMP3 em Comunicações / Telecomunicações / Telecomunicações; identidade e atividade reconciliadas com FCA/CVM,sim,2015-01-02,2020-10-09,alta,confirmado
TIMS3,TIMS,Comunicações,Telecomunicações,Telecomunicações,B3 classificação setorial atual + CVM/FCA,2026-08-07,B3 código=TIMS; snapshot sha256=AA2595618AD4; atividade histórica FCA revisada,sim,2020-10-13,2026-07-27,alta,confirmado
TOTS3,TOTS,Tecnologia da Informação,Programas e Serviços,Programas e Serviços,B3 classificação setorial atual + CVM/FCA,2026-08-07,B3 código=TOTS; snapshot sha256=AA2595618AD4; atividade histórica FCA revisada,sim,2015-01-02,2026-07-27,alta,confirmado
TRPL4,TRPL,Utilidade Pública,Energia Elétrica,Energia Elétrica,B3 classificação setorial 15/09/2022 + CVM/FCA,2022-09-15,B3 código=TRPL; snapshot sha256=6127B9F03E2D; atividade histórica FCA revisada,sim,2015-01-02,2024-11-14,alta,confirmado
TTEN3,TTEN,Consumo não Cíclico,Agropecuária,Agricultura,B3 classificação setorial atual + CVM/FCA,2026-08-07,B3 código=TTEN; snapshot sha256=AA2595618AD4; atividade histórica FCA revisada,sim,2021-07-12,2026-07-27,alta,confirmado
TUPY3,TUPY,Bens Industriais,Material de Transporte,Material Rodoviário,B3 classificação setorial atual + CVM/FCA,2026-08-07,B3 código=TUPY; snapshot sha256=AA2595618AD4; atividade histórica FCA revisada,sim,2015-01-02,2026-07-27,alta,confirmado
UGPA3,UGPA,"Petróleo, Gás e Biocombustíveis","Petróleo, Gás e Biocombustíveis","Exploração, Refino e Distribuição",B3 classificação setorial atual + CVM/FCA,2026-08-07,B3 código=UGPA; snapshot sha256=AA2595618AD4; atividade histórica FCA revisada,sim,2015-01-02,2026-07-27,alta,confirmado
UNIP6,UNIP,Materiais Básicos,Químicos,Químicos Diversos,B3 classificação setorial atual + CVM/FCA,2026-08-07,B3 código=UNIP; snapshot sha256=AA2595618AD4; atividade histórica FCA revisada,sim,2015-01-02,2026-07-27,alta,confirmado
USIM5,USIM,Materiais Básicos,Siderurgia e Metalurgia,Siderurgia,B3 classificação setorial atual + CVM/FCA,2026-08-07,B3 código=USIM; snapshot sha256=AA2595618AD4; atividade histórica FCA revisada,sim,2015-01-02,2026-07-27,alta,confirmado
VALE3,VALE,Materiais Básicos,Mineração,Minerais Metálicos,B3 classificação setorial atual + CVM/FCA,2026-08-07,B3 código=VALE; snapshot sha256=AA2595618AD4; atividade histórica FCA revisada,sim,2015-01-02,2026-07-27,alta,confirmado
VALE5,VALE,Materiais Básicos,Mineração,Minerais Metálicos,B3 classificação setorial 15/09/2022 + CVM/FCA,2022-09-15,B3 código=VALE; snapshot sha256=6127B9F03E2D; atividade histórica FCA revisada,sim,2015-01-02,2017-11-24,alta,confirmado
VAMO3,VAMO,Consumo Cíclico,Diversos,Aluguel de carros,B3 classificação setorial atual + CVM/FCA,2026-08-07,B3 código=VAMO; snapshot sha256=AA2595618AD4; atividade histórica FCA revisada,sim,2021-01-29,2026-07-27,alta,confirmado
VBBR3,VBBR,"Petróleo, Gás e Biocombustíveis","Petróleo, Gás e Biocombustíveis",Distribuição de Combustíveis,B3 classificação setorial atual + CVM/FCA,2026-08-07,B3 código=VBBR; snapshot sha256=AA2595618AD4; atividade histórica FCA revisada,sim,2021-10-22,2026-07-27,alta,confirmado
VIIA3,VIIA,Consumo Cíclico,Comércio Varejista,Eletrodomésticos,B3 classificação setorial 15/09/2022 + CVM/FCA,2022-09-15,B3 código=VIIA; snapshot sha256=6127B9F03E2D; atividade histórica FCA revisada,sim,2021-08-16,2023-09-19,alta,confirmado
VIVA3,VIVA,Consumo Cíclico,"Tecidos, Vestuário e Calçados",Acessórios,B3 classificação setorial atual + CVM/FCA,2026-08-07,B3 código=VIVA; snapshot sha256=AA2595618AD4; atividade histórica FCA revisada,sim,2019-10-10,2026-07-27,alta,confirmado
VIVT3,VIVT,Comunicações,Telecomunicações,Telecomunicações,B3 classificação setorial atual + CVM/FCA,2026-08-07,B3 código=VIVT; snapshot sha256=AA2595618AD4; atividade histórica FCA revisada,sim,2015-01-02,2026-07-27,alta,confirmado
VIVT4,VIVT,Comunicações,Telecomunicações,Telecomunicações,B3 classificação setorial 15/09/2022 + CVM/FCA,2022-09-15,B3 código=VIVT; snapshot sha256=6127B9F03E2D; atividade histórica FCA revisada,sim,2015-01-02,2020-11-20,alta,confirmado
VLID3,VLID,Bens Industriais,Serviços,Serviços Diversos,B3 classificação setorial atual + CVM/FCA,2026-08-07,B3 código=VLID; snapshot sha256=AA2595618AD4; atividade histórica FCA revisada,sim,2015-01-02,2026-07-27,alta,confirmado
VVAR11,VVAR,Consumo Cíclico,Comércio Varejista,Eletrodomésticos,https://pco.uem.br/0-arquivos/dissertacoes/2018_mara-cristina-piovesan-cortezia.pdf,2026-08-07,documento indicado registra VVAR11 em Consumo Cíclico / Comércio Varejista / Eletrodomésticos; identidade e atividade reconciliadas com FCA/CVM,sim,2015-01-02,2018-11-23,alta,confirmado
VVAR3,VVAR,Consumo Cíclico,Comércio Varejista,Eletrodomésticos,https://pco.uem.br/0-arquivos/dissertacoes/2018_mara-cristina-piovesan-cortezia.pdf,2026-08-07,documento indicado registra VVAR3 em Consumo Cíclico / Comércio Varejista / Eletrodomésticos; identidade e atividade reconciliadas com FCA/CVM,sim,2015-01-07,2021-08-13,alta,confirmado
WEGE3,WEGE,Bens Industriais,Máquinas e Equipamentos,"Motores , Compressores e Outros",B3 classificação setorial atual + CVM/FCA,2026-08-07,B3 código=WEGE; snapshot sha256=AA2595618AD4; atividade histórica FCA revisada,sim,2015-01-02,2026-07-27,alta,confirmado
WIZS3,WIZS,Financeiro,Previdência e Seguros,Corretoras de Seguros e Resseguros,B3 classificação setorial 15/09/2022 + CVM/FCA,2022-09-15,B3 código=WIZS; snapshot sha256=6127B9F03E2D; atividade histórica FCA revisada,sim,2017-05-03,2023-02-08,alta,confirmado
YDUQ3,YDUQ,Consumo Cíclico,Diversos,Serviços Educacionais,B3 classificação setorial atual + CVM/FCA,2026-08-07,B3 código=YDUQ; snapshot sha256=AA2595618AD4; atividade histórica FCA revisada,sim,2019-07-23,2026-07-27,alta,confirmado
